i, M,rho_0,rho_1,rho_2,rho_3,rho_4,rho_5,rho_6,rho_7,rho_8,rho_9,rho_10,rho_11,rho_12,rho_13,rho_14,rho_15,rho_16,rho_17,rho_18,rho_19,r200
0.000000000000000000e+00,1.459700942198632447e+03,5.818629582839871757e+06,4.495296741184537299e+06,3.425010054801465943e+06,2.454145147290355060e+06,1.828875485690462636e+06,1.322130923812285066e+06,9.080020413158775773e+05,6.388148820449974155e+05,4.380509542868458084e+05,2.821099206974270637e+05,1.893349306644710305e+05,1.266734337360374047e+05,8.127361844869652123e+04,5.085484192579349474e+04,2.888544376528542853e+04,1.665836476262649740e+04,9.879238501954998355e+03,5.804780639059417808e+03,3.028021069682107282e+03,1.575881101641861278e+03,3.976951241493225098e-01
