i, M,rho_0,rho_1,rho_2,rho_3,rho_4,rho_5,rho_6,rho_7,rho_8,rho_9,rho_10,rho_11,rho_12,rho_13,rho_14,rho_15,rho_16,rho_17,rho_18,rho_19,r200
0.000000000000000000e+00,1.696210447450980837e+03,4.748356934452920221e+06,4.038172157197163906e+06,3.127668898938838392e+06,2.353067798799318727e+06,1.724661675337830093e+06,1.189442836853438057e+06,8.651307045090395259e+05,6.020998960333549185e+05,3.999910213999598054e+05,2.677679270632116823e+05,1.803314385111699230e+05,1.183947983149693464e+05,7.371915530122180644e+04,4.628389326451466331e+04,2.882496196622771822e+04,1.740950111514475429e+04,1.045208782227451411e+04,6.380132287874287613e+03,3.004164475418765505e+03,1.580408048506161322e+03,4.180620610713958740e-01
