i, M,rho_0,rho_1,rho_2,rho_3,rho_4,rho_5,rho_6,rho_7,rho_8,rho_9,rho_10,rho_11,rho_12,rho_13,rho_14,rho_15,rho_16,rho_17,rho_18,rho_19,r200
0.000000000000000000e+00,1.742211502115924759e+03,5.285913217673193663e+06,4.162691997031244449e+06,3.421228223089043982e+06,2.588300409877693281e+06,1.868748310268924106e+06,1.292310292069950607e+06,9.229725485295136459e+05,6.257764510684843408e+05,4.281331590840758290e+05,2.873635804967659060e+05,1.877889242784392263e+05,1.195521038754485926e+05,7.267364040708291577e+04,4.295874513013091928e+04,2.669448108579213658e+04,1.724399828777770745e+04,1.045268117013549454e+04,6.268155495192784656e+03,2.938180370289407620e+03,1.691328291180581573e+03,4.218574166297912598e-01
