i, M,rho_0,rho_1,rho_2,rho_3,rho_4,rho_5,rho_6,rho_7,rho_8,rho_9,rho_10,rho_11,rho_12,rho_13,rho_14,rho_15,rho_16,rho_17,rho_18,rho_19,r200
0.000000000000000000e+00,9.449193406872258493e+03,8.566524073246801693e-03,5.737050742477624136e-03,3.809218222518668921e-03,2.562721278492450898e-03,1.762385128294178226e-03,1.226376805520786517e-03,8.656968092196367206e-04,5.898944699586331939e-04,3.916824332812764392e-04,2.587534786940253037e-04,1.707887082662559253e-04,1.148362557331775369e-04,7.266772894904641612e-05,4.218159931443224360e-05,2.701502110973248692e-05,1.686801982847980905e-05,9.248121931899674835e-06,6.450812491234734668e-06,3.302451691257226464e-06,1.711192991741083428e-06,7.420186767578125000e+02
